"","cdr3","junction","v_call","j_call","decombinator_id","ID","control","PCR","chain","proportion_-3","proportion_-2","proportion_-1","proportion_0","proportion_1","proportion_2","proportion_3","proportion_4","proportion_14","total_-3","total_-2","total_-1","total_0","total_1","total_2","total_3","total_4","total_14"
"1","CAAMDSSYKLIF","TGTGCTGCCATGGATAGCAGCTATAAATTGATCTTC","TRAV1-2","TRAJ12","1, 2, 7, 2, CC","0017",TRUE,NA,"alpha",NA,NA,NA,11.7630452171458,110.836482936723,88.7502694204607,76.316070638155,137.496944512344,NA,NA,NA,NA,85012,90223,78873,65517,65456,NA
"2","CAARAIGNTPLVF","TGTGCAGCAAGGGCCATCGGAAACACACCTCTTGTCTTT","TRAV29/DV5","TRAJ29","23, 17, 2, 8, GGCCATC","0017",TRUE,NA,"alpha",NA,NA,NA,47.0521808685833,133.003779524068,63.3930495860434,15.263214127631,30.5548765582987,NA,NA,NA,NA,85012,90223,78873,65517,65456,NA
"3","CAASIWNYGGSQGNLIF","TGTGCAGCAAGTATATGGAATTATGGAGGAAGCCAAGGAAATCTCATCTTT","TRAV13-1","TRAJ42","6, 31, 0, 1, TATG","0017",TRUE,NA,"alpha",NA,NA,NA,11.7630452171458,22.1672965873447,177.500538840921,15.263214127631,0,NA,NA,NA,NA,85012,90223,78873,65517,65456,NA
"4","CAASNQAGTALIF","TGTGCAGCAAGTAACCAGGCAGGAACTGCTCTGATCTTT","TRAV13-1","TRAJ15","6, 5, 0, 3, ","0017",TRUE,NA,"alpha",NA,NA,NA,58.8152260857291,55.4182414683617,152.143319006504,0,122.219506233195,NA,NA,NA,NA,85012,90223,78873,65517,65456,NA
"5","CACASKIIF","TGTGCTTGTGCTTCCAAGATAATCTTT","TRAV24","TRAJ3","18, 18, 5, 11, TT","0017",TRUE,NA,"alpha",NA,NA,NA,82.3413165200207,11.0836482936723,114.107489254878,30.526428255262,15.2774382791494,NA,NA,NA,NA,85012,90223,78873,65517,65456,NA
"6","CACGNTGFQKLVF","TGTGCTTGCGGGAACACAGGCTTTCAGAAACTTGTATTT","TRAV2","TRAJ8","13, 48, 8, 1, TGCGG","0017",TRUE,NA,"alpha",NA,NA,NA,152.919587822896,432.262283453221,240.893588426965,290.001068424989,61.1097531165974,NA,NA,NA,NA,85012,90223,78873,65517,65456,NA
"7","CAENRSPGGSYIPTF","TGTGCAGAGAATAGGTCCCCAGGAGGAAGCTACATACCTACATTT","TRAV13-2","TRAJ6","7, 46, 0, 5, GGTCCC","0017",TRUE,NA,"alpha",NA,NA,NA,105.867406954312,121.920131230396,12.6786099172087,76.316070638155,15.2774382791494,NA,NA,NA,NA,85012,90223,78873,65517,65456,NA
"8","CAFNDYKLSF","TGTGCTTTTAACGACTACAAGCTCAGCTTT","TRAV38-1","TRAJ20","29, 9, 9, 4, ","0017",TRUE,NA,"alpha",NA,NA,NA,235.260904342916,487.680524921583,507.144396688347,152.63214127631,305.548765582987,NA,NA,NA,NA,85012,90223,78873,65517,65456,NA
"10","CAGDMRF","TGTGCCGGTGACATGCGCTTT","TRAV12-2","TRAJ43","4, 32, 6, 10, G","0017",TRUE,NA,"alpha",NA,NA,NA,94.1043617371665,22.1672965873447,88.7502694204607,183.158569531572,122.219506233195,NA,NA,NA,NA,85012,90223,78873,65517,65456,NA
"11","CAGEPGGGNKLTF","TGTGCTGGGGAACCAGGAGGAGGAAACAAACTCACCTTT","TRAV21","TRAJ10","15, 0, 5, 9, GGGAACCA","0017",TRUE,NA,"alpha",NA,NA,NA,199.971768691479,77.5855380557064,88.7502694204607,91.579284765786,30.5548765582987,NA,NA,NA,NA,85012,90223,78873,65517,65456,NA
"12","CALKSQAGTALIF","TGTGCTCTGAAAAGTCAGGCAGGAACTGCTCTGATCTTT","TRAV9-2","TRAJ15","43, 5, 4, 5, AAAGT","0017",TRUE,NA,"alpha",NA,NA,NA,117.630452171458,77.5855380557064,152.143319006504,91.579284765786,15.2774382791494,NA,NA,NA,NA,85012,90223,78873,65517,65456,NA
"13","CALLNNAGNMLTF","TGTGCTCTCCTGAATAATGCAGGCAACATGCTCACCTTT","TRAV6","TRAJ39","36, 27, 5, 5, CCTG","0017",TRUE,NA,"alpha",NA,NA,NA,23.5260904342916,66.5018897620341,50.7144396688347,15.263214127631,137.496944512344,NA,NA,NA,NA,85012,90223,78873,65517,65456,NA
"14","CALMDSSYKLIF","TGTGCTCTGATGGATAGCAGCTATAAATTGATCTTC","TRAV9-2","TRAJ12","43, 2, 4, 3, ","0017",TRUE,NA,"alpha",NA,NA,NA,11.7630452171458,144.08742781774,126.786099172087,76.316070638155,45.8323148374481,NA,NA,NA,NA,85012,90223,78873,65517,65456,NA
"15","CALNGLSGNTGKLIF","TGTGCTCTAAACGGGCTCTCTGGCAACACAGGCAAACTAATCTTT","TRAV16","TRAJ37","9, 25, 4, 3, ACGGGCT","0017",TRUE,NA,"alpha",NA,NA,NA,117.630452171458,11.0836482936723,0,15.263214127631,30.5548765582987,NA,NA,NA,NA,85012,90223,78873,65517,65456,NA
"16","CALQNTGNQFYF","TGTGCTCTGCAAAACACCGGTAACCAGTTCTATTTT","TRAV9-2","TRAJ49","43, 38, 5, 1, CAA","0017",TRUE,NA,"alpha",NA,NA,NA,70.5782713028749,77.5855380557064,139.464709089295,15.263214127631,122.219506233195,NA,NA,NA,NA,85012,90223,78873,65517,65456,NA
"17","CALRLNTGFQKLVF","TGTGCTCTGAGATTGAACACAGGCTTTCAGAAACTTGTATTT","TRAV9-2","TRAJ8","43, 48, 3, 0, AT","0017",TRUE,NA,"alpha",NA,NA,NA,11.7630452171458,110.836482936723,50.7144396688347,76.316070638155,30.5548765582987,NA,NA,NA,NA,85012,90223,78873,65517,65456,NA
"18","CALSDADKIIF","TGTGCTCTGAGCGACGCTGACAAGATCATCTTT","TRAV9-2","TRAJ30","43, 19, 3, 10, CGACGC","0017",TRUE,NA,"alpha",NA,NA,NA,47.0521808685833,66.5018897620341,101.428879337669,152.63214127631,0,NA,NA,NA,NA,85012,90223,78873,65517,65456,NA
"19","CALSGGNQFYF","TGTGCTCTGAGTGGTGGTAACCAGTTCTATTTT","TRAV9-2","TRAJ49","43, 38, 1, 7, GT","0017",TRUE,NA,"alpha",NA,NA,NA,11.7630452171458,66.5018897620341,101.428879337669,137.368927148679,76.3871913957468,NA,NA,NA,NA,85012,90223,78873,65517,65456,NA
"20","CALTPRRNDYKLSF","TGTGCTCTGACCCCAAGGAGAAACGACTACAAGCTCAGCTTT","TRAV9-2","TRAJ20","43, 9, 4, 5, CCCCAAGGAGA","0017",TRUE,NA,"alpha",NA,NA,NA,58.8152260857291,66.5018897620341,126.786099172087,15.263214127631,45.8323148374481,NA,NA,NA,NA,85012,90223,78873,65517,65456,NA
"21","CALVRANQAGTALIF","TGTGCTCTCGTAAGGGCCAACCAGGCAGGAACTGCTCTGATCTTT","TRAV9-2","TRAJ15","43, 5, 6, 0, CGTAAGGG","0017",TRUE,NA,"alpha",NA,NA,NA,164.682633040041,188.42202099243,126.786099172087,122.105713021048,15.2774382791494,NA,NA,NA,NA,85012,90223,78873,65517,65456,NA
"22","CAPKEFSGGYNKLIF","TGTGCCCCTAAGGAGTTTTCTGGTGGCTACAATAAGCTGATTTTT","TRAV38-2/DV8","TRAJ4","30, 28, 11, 1, CCCTAAGGA","0017",TRUE,NA,"alpha",NA,NA,NA,129.393497388604,155.171076111413,76.0716595032521,91.579284765786,15.2774382791494,NA,NA,NA,NA,85012,90223,78873,65517,65456,NA
"23","CAPPVLSGGYNKLIF","TGTGCTCCCCCAGTCCTTTCTGGTGGCTACAATAAGCTGATTTTT","TRAV6","TRAJ4","36, 28, 6, 3, CCCCAGTCC","0017",TRUE,NA,"alpha",NA,NA,NA,129.393497388604,121.920131230396,12.6786099172087,61.052856510524,15.2774382791494,NA,NA,NA,NA,85012,90223,78873,65517,65456,NA
"24","CAQLNSGYSTLTF","TGTGCTCAATTGAATTCAGGATACAGCACCCTCACCTTT","TRAV6","TRAJ11","36, 1, 6, 0, AAT","0017",TRUE,NA,"alpha",NA,NA,NA,141.15654260575,133.003779524068,139.464709089295,30.526428255262,213.884135908091,NA,NA,NA,NA,85012,90223,78873,65517,65456,NA
"25","CASETSGSRLTF","TGTGCTTCTGAAACCAGTGGCTCTAGGTTGACCTTT","TRAV12-3","TRAJ58","5, 57, 8, 5, TTCT","0017",TRUE,NA,"alpha",NA,NA,NA,117.630452171458,0,12.6786099172087,61.052856510524,0,NA,NA,NA,NA,85012,90223,78873,65517,65456,NA
"26","CAVDGGATNKLIF","TGTGCTGTAGATGGTGGTGCTACAAACAAGCTCATCTTT","TRAV1-2","TRAJ32","1, 21, 6, 11, AGATGGT","0017",TRUE,NA,"alpha",NA,NA,NA,105.867406954312,99.7528346430511,126.786099172087,15.263214127631,106.942067954045,NA,NA,NA,NA,85012,90223,78873,65517,65456,NA
"27","CAVEDGSFKTIF","TGTGCTGTGGAGGATGGAAGCTTCAAAACTATCTTT","TRAV2","TRAJ9","13, 49, 0, 13, TGGAA","0017",TRUE,NA,"alpha",NA,NA,NA,294.076130428645,144.08742781774,240.893588426965,259.474640169727,15.2774382791494,NA,NA,NA,NA,85012,90223,78873,65517,65456,NA
"28","CAVEDNTDKLIF","TGTGCTGTGGAGGATAACACCGACAAGCTCATCTTT","TRAV2","TRAJ34","13, 23, 0, 5, ","0017",TRUE,NA,"alpha",NA,NA,NA,23.5260904342916,33.250944881017,76.0716595032521,137.368927148679,0,NA,NA,NA,NA,85012,90223,78873,65517,65456,NA
"29","CAVEDQGQKLLF","TGTGCTGTGGAGGATCAAGGCCAGAAGCTGCTCTTT","TRAV2","TRAJ16","13, 6, 0, 11, TCAA","0017",TRUE,NA,"alpha",NA,NA,NA,105.867406954312,133.003779524068,76.0716595032521,106.842498893417,15.2774382791494,NA,NA,NA,NA,85012,90223,78873,65517,65456,NA
"30","CAVGENARLMF","TGTGCTGTGGGTGAAAATGCCAGACTCATGTTT","TRAV8-3","TRAJ31","40, 20, 1, 7, AA","0017",TRUE,NA,"alpha",NA,NA,NA,94.1043617371665,55.4182414683617,0,61.052856510524,152.774382791494,NA,NA,NA,NA,85012,90223,78873,65517,65456,NA
"31","CAVGGVEDDYKLSF","TGTGCTGTGGGGGGAGTAGAGGACGACTACAAGCTCAGCTTT","TRAV22","TRAJ20","16, 9, 3, 6, GGGGAGTAGAGG","0017",TRUE,NA,"alpha",NA,NA,NA,117.630452171458,266.007559048136,405.715517350678,183.158569531572,305.548765582987,NA,NA,NA,NA,85012,90223,78873,65517,65456,NA
"32","CAVNPPGGSYIPTF","TGTGCCGTGAACCCCCCAGGAGGAAGCTACATACCTACATTT","TRAV12-2","TRAJ6","4, 46, 1, 5, CCCC","0017",TRUE,NA,"alpha",NA,NA,NA,11.7630452171458,110.836482936723,101.428879337669,0,45.8323148374481,NA,NA,NA,NA,85012,90223,78873,65517,65456,NA
"33","CAVNRFGAGSYQLTF","TGTGCCGTGAACCGGTTTGGGGCTGGGAGTTACCAACTCACTTTC","TRAV12-2","TRAJ28","4, 16, 1, 7, CGGTT","0017",TRUE,NA,"alpha",NA,NA,NA,35.2891356514374,133.003779524068,63.3930495860434,30.526428255262,15.2774382791494,NA,NA,NA,NA,85012,90223,78873,65517,65456,NA
"34","CAVNSGGYQKVTF","TGTGCTGTGAATTCTGGGGGTTACCAGAAAGTTACCTTT","TRAV8-6","TRAJ13","41, 3, 4, 3, ","0017",TRUE,NA,"alpha",NA,NA,NA,11.7630452171458,22.1672965873447,38.035829751626,15.263214127631,137.496944512344,NA,NA,NA,NA,85012,90223,78873,65517,65456,NA
"35","CAVNTGGFKTIF","TGTGCTGTAAATACTGGAGGCTTCAAAACTATCTTT","TRAV21","TRAJ9","15, 49, 4, 2, ","0017",TRUE,NA,"alpha",NA,NA,NA,141.15654260575,11.0836482936723,0,45.789642382893,15.2774382791494,NA,NA,NA,NA,85012,90223,78873,65517,65456,NA
"36","CAVNTGGYQKVTF","TGTGCTGTGAACACTGGGGGTTACCAGAAAGTTACCTTT","TRAV8-6","TRAJ13","41, 3, 4, 6, ACA","0017",TRUE,NA,"alpha",NA,NA,NA,141.15654260575,11.0836482936723,0,0,61.1097531165974,NA,NA,NA,NA,85012,90223,78873,65517,65456,NA
"37","CAVPGGGADGLTF","TGTGCTGTCCCAGGAGGAGGTGCTGACGGACTCACCTTT","TRAV41","TRAJ45","34, 34, 3, 6, C","0017",TRUE,NA,"alpha",NA,NA,NA,11.7630452171458,121.920131230396,12.6786099172087,76.316070638155,45.8323148374481,NA,NA,NA,NA,85012,90223,78873,65517,65456,NA
"38","CAVPNQAGTALIF","TGTGCTGTTCCCAACCAGGCAGGAACTGCTCTGATCTTT","TRAV21","TRAJ15","15, 5, 4, 0, TC","0017",TRUE,NA,"alpha",NA,NA,NA,105.867406954312,11.0836482936723,38.035829751626,15.263214127631,15.2774382791494,NA,NA,NA,NA,85012,90223,78873,65517,65456,NA
"39","CAVQGGSEKLVF","TGTGCTGTGCAGGGCGGATCTGAAAAGCTGGTCTTT","TRAV21","TRAJ57","15, 45, 3, 5, ","0017",TRUE,NA,"alpha",NA,NA,NA,105.867406954312,88.6691863493788,12.6786099172087,106.842498893417,45.8323148374481,NA,NA,NA,NA,85012,90223,78873,65517,65456,NA
"40","CAVRDQSGGGYNKLIF","TGTGCTGTGAGAGACCAGAGTGGTGGTGGCTACAATAAGCTGATTTTT","TRAV3","TRAJ4","24, 28, 1, 7, CAGAGTGG","0017",TRUE,NA,"alpha",NA,NA,NA,11.7630452171458,22.1672965873447,12.6786099172087,45.789642382893,152.774382791494,NA,NA,NA,NA,85012,90223,78873,65517,65456,NA
"41","CAVRGDYKLSF","TGTGCTGTGAGGGGCGACTACAAGCTCAGCTTT","TRAV2","TRAJ20","13, 9, 5, 7, AGGGG","0017",TRUE,NA,"alpha",NA,NA,NA,576.389215640145,443.345931746894,532.501616522764,244.211426042096,152.774382791494,NA,NA,NA,NA,85012,90223,78873,65517,65456,NA
"42","CAVRVGDKIIF","TGTGCTGTGAGGGTAGGTGACAAGATCATCTTT","TRAV2","TRAJ30","13, 19, 5, 10, AGGGTAGG","0017",TRUE,NA,"alpha",NA,NA,NA,117.630452171458,0,0,0,0,NA,NA,NA,NA,85012,90223,78873,65517,65456,NA
"43","CAVSPAGELIF","TGTGCCGTGAGCCCCGCGGGCGAGCTCATCTTT","TRAV12-2","TRAJ34","4, 23, 3, 16, GCCCCGCGGGCG","0017",TRUE,NA,"alpha",NA,NA,NA,341.128311297229,88.6691863493788,63.3930495860434,152.63214127631,152.774382791494,NA,NA,NA,NA,85012,90223,78873,65517,65456,NA
"44","CAVTRTGGFKTIF","TGTGCTGTGACCCGTACTGGAGGCTTCAAAACTATCTTT","TRAV1-2","TRAJ9","1, 49, 4, 5, CCCG","0017",TRUE,NA,"alpha",NA,NA,NA,105.867406954312,0,12.6786099172087,30.526428255262,15.2774382791494,NA,NA,NA,NA,85012,90223,78873,65517,65456,NA
"45","CAVWDGANNLFF","TGTGCTGTGTGGGATGGGGCAAACAACCTCTTCTTT","TRAV2","TRAJ36","13, 24, 5, 6, TGGGA","0017",TRUE,NA,"alpha",NA,NA,NA,117.630452171458,11.0836482936723,25.3572198344174,15.263214127631,15.2774382791494,NA,NA,NA,NA,85012,90223,78873,65517,65456,NA
"46","CAYGGEGAQKLVF","TGTGCTTATGGTGGGGAGGGAGCCCAGAAGCTGGTATTT","TRAV38-2/DV8","TRAJ54","30, 43, 7, 6, GGTGGGG","0017",TRUE,NA,"alpha",NA,NA,NA,235.260904342916,99.7528346430511,139.464709089295,61.052856510524,0,NA,NA,NA,NA,85012,90223,78873,65517,65456,NA
"47","CAYRSAYSANYGQNFVF","TGTGCTTATAGGAGCGCGTACAGTGCCAACTATGGTCAGAATTTTGTCTTT","TRAV38-2/DV8","TRAJ26","30, 14, 0, 5, CGTACAGTGCC","0017",TRUE,NA,"alpha",NA,NA,NA,305.839175645791,177.338372698758,266.250808261382,76.316070638155,106.942067954045,NA,NA,NA,NA,85012,90223,78873,65517,65456,NA
"48","CGAANDSGGSNYKLTF","TGTGGAGCAGCCAACGATAGTGGAGGTAGCAACTATAAACTGACATTT","TRAV34","TRAJ53","26, 42, 3, 3, CCAACG","0017",TRUE,NA,"alpha",NA,NA,NA,317.602220862937,288.174855635481,126.786099172087,91.579284765786,61.1097531165974,NA,NA,NA,NA,85012,90223,78873,65517,65456,NA
"49","CPYTGRRALTF","TGCCCTTACACGGGCAGGAGAGCACTTACTTTT","TRAV9-2","TRAJ5","43, 39, 12, 3, CCCTT","0017",TRUE,NA,"alpha",NA,NA,NA,35.2891356514374,166.254724405085,126.786099172087,76.316070638155,15.2774382791494,NA,NA,NA,NA,85012,90223,78873,65517,65456,NA
"50","CVVGRDDKIIF","TGTGTGGTGGGCAGAGATGACAAGATCATCTTT","TRAV12-1","TRAJ30","3, 19, 4, 4, GG","0017",TRUE,NA,"alpha",NA,NA,NA,223.49785912577,55.4182414683617,228.214978509756,335.790710807882,213.884135908091,NA,NA,NA,NA,85012,90223,78873,65517,65456,NA
"51","CVVNDEGRRALTF","TGTGTGGTGAACGACGAGGGCAGGAGAGCACTTACTTTT","TRAV12-1","TRAJ5","3, 39, 1, 7, GACGA","0017",TRUE,NA,"alpha",NA,NA,NA,47.0521808685833,66.5018897620341,25.3572198344174,106.842498893417,183.329259349792,NA,NA,NA,NA,85012,90223,78873,65517,65456,NA
"52","CVVSDNAGNMLTF","TGTGTGGTGAGCGATAATGCAGGCAACATGCTCACCTTT","TRAV12-1","TRAJ39","3, 27, 3, 6, GCG","0017",TRUE,NA,"alpha",NA,NA,NA,211.734813908625,232.756614167119,253.572198344174,76.316070638155,397.213395257883,NA,NA,NA,NA,85012,90223,78873,65517,65456,NA
"53","CVVSDRLRNQGGKLIF","TGTGTTGTGAGTGATCGTCTGAGGAACCAGGGAGGAAAGCTTATCTTC","TRAV8-2","TRAJ23","39, 12, 0, 8, TCGTCTGAGG","0017",TRUE,NA,"alpha",NA,NA,NA,117.630452171458,0,38.035829751626,15.263214127631,76.3871913957468,NA,NA,NA,NA,85012,90223,78873,65517,65456,NA
"54","CALQGAQKLVF","TGTGCTCTTCAGGGAGCCCAGAAGCTGGTATTT","TRAV9-2","TRAJ54","43, 43, 6, 4, ","0017",TRUE,NA,"alpha",NA,NA,NA,0,121.920131230396,126.786099172087,15.263214127631,30.5548765582987,NA,NA,NA,NA,85012,90223,78873,65517,65456,NA
"55","CAAVANFGNEKLTF","TGTGCAGCGGTAGCTAACTTTGGAAATGAGAAATTAACCTTT","TRAV29/DV5","TRAJ48","23, 37, 5, 3, GGTAG","0017",TRUE,NA,"alpha",NA,NA,NA,0,0,12.6786099172087,15.263214127631,152.774382791494,NA,NA,NA,NA,85012,90223,78873,65517,65456,NA
"56","CAVRSARQLTF","TGTGCTGTTCGTTCTGCAAGGCAACTGACCTTT","TRAV8-2","TRAJ22","39, 11, 10, 9, CTGTTC","0017",TRUE,NA,"alpha",NA,NA,NA,0,0,152.143319006504,0,0,NA,NA,NA,NA,85012,90223,78873,65517,65456,NA
"57","CALRPINTNAGKSTF","TGTGCTCTGAGGCCGATTAACACCAATGCAGGCAAATCAACCTTT","TRAV9-2","TRAJ27","43, 15, 3, 0, GCCGAT","0017",TRUE,NA,"alpha",NA,NA,NA,0,0,0,152.63214127631,15.2774382791494,NA,NA,NA,NA,85012,90223,78873,65517,65456,NA
"58","CAASIHNTDKLIF","TGTGCAGCAAGCATCCATAACACCGACAAGCTCATCTTT","TRAV23/DV6","TRAJ34","17, 23, 0, 4, TCC","0035",FALSE,2,"alpha",NA,56.074242296801,NA,NA,NA,429.184549356223,NA,NA,54.7667620521106,NA,35667,NA,NA,NA,34950,NA,NA,73037
"59","CALGDSRSAGNKLTF","TGTGCTCTTGGGGATTCCCGTTCTGCAGGCAACAAGCTAACTTTT","TRDV1","TRAJ17","44, 7, 3, 9, TTCCCGTT","0035",FALSE,2,"alpha",NA,28.0371211484005,NA,NA,NA,1087.26752503577,NA,NA,205.375357695415,NA,35667,NA,NA,NA,34950,NA,NA,73037
"60","CALSAGGTSYGKLTF","TGTGCTCTGAGTGCTGGTGGTACTAGCTATGGAAAGCTGACATTT","TRAV9-2","TRAJ52","43, 41, 1, 6, ","0035",FALSE,2,"alpha",NA,28.0371211484005,NA,NA,NA,257.510729613734,NA,NA,27.3833810260553,NA,35667,NA,NA,NA,34950,NA,NA,73037
"61","CALSDPGTGGFKTIF","TGTGCTCTGAGTGATCCGGGTACTGGAGGCTTCAAAACTATCTTT","TRAV9-2","TRAJ9","43, 49, 0, 5, TCCGGG","0035",FALSE,2,"alpha",NA,28.0371211484005,NA,NA,NA,1459.22746781116,NA,NA,232.75873872147,NA,35667,NA,NA,NA,34950,NA,NA,73037
"62","CATNDMRF","TGTGCTACGAATGACATGCGCTTT","TRAV17","TRAJ43","10, 32, 4, 8, ","0035",FALSE,2,"alpha",NA,28.0371211484005,NA,NA,NA,314.735336194564,NA,NA,41.0750715390829,NA,35667,NA,NA,NA,34950,NA,NA,73037
"63","CAVLNNARLMF","TGTGCCGTCCTCAACAATGCCAGACTCATGTTT","TRAV12-2","TRAJ31","4, 20, 5, 4, CCTC","0035",FALSE,2,"alpha",NA,84.1113634452014,NA,NA,NA,429.184549356223,NA,NA,41.0750715390829,NA,35667,NA,NA,NA,34950,NA,NA,73037
"64","CAVLSGGSYIPTF","TGTGCCGTGCTCTCAGGAGGAAGCTACATACCTACATTT","TRAV12-2","TRAJ6","4, 46, 4, 4, CTC","0035",FALSE,2,"alpha",NA,28.0371211484005,NA,NA,NA,257.510729613734,NA,NA,41.0750715390829,NA,35667,NA,NA,NA,34950,NA,NA,73037
"65","CAVRARFSGGYNKLIF","TGTGCTGTGAGAGCTAGGTTTTCTGGTGGCTACAATAAGCTGATTTTT","TRAV3","TRAJ4","24, 28, 3, 1, CTAG","0035",FALSE,2,"alpha",NA,28.0371211484005,NA,NA,NA,1402.00286123033,NA,NA,41.0750715390829,NA,35667,NA,NA,NA,34950,NA,NA,73037
"66","CAVRRGSGSARQLTF","TGTGCTGTGAGACGGGGTTCTGGTTCTGCAAGGCAACTGACCTTT","TRAV3","TRAJ22","24, 11, 4, 4, CGGGG","0035",FALSE,2,"alpha",NA,28.0371211484005,NA,NA,NA,371.959942775393,NA,NA,95.8418335911935,NA,35667,NA,NA,NA,34950,NA,NA,73037
"67","CAVSAGTGNQFYF","TGTGCTGTCAGTGCGGGCACCGGTAACCAGTTCTATTTT","TRAV41","TRAJ49","34, 38, 1, 3, TGCGGG","0035",FALSE,2,"alpha",NA,252.334090335604,NA,NA,NA,28.6123032904149,NA,NA,54.7667620521106,NA,35667,NA,NA,NA,34950,NA,NA,73037
"68","CAVSDSNYQLIW","TGTGCTGTGTCGGATAGCAACTATCAGTTAATCTGG","TRAV1-2","TRAJ33","1, 22, 5, 1, TC","0035",FALSE,2,"alpha",NA,252.334090335604,NA,NA,NA,28.6123032904149,NA,NA,136.916905130276,NA,35667,NA,NA,NA,34950,NA,NA,73037
"69","CVVNRGTGGFKTIF","TGTGTGGTGAACAGGGGAACTGGAGGCTTCAAAACTATCTTT","TRAV12-1","TRAJ9","3, 49, 0, 6, GGGGA","0035",FALSE,2,"alpha",NA,28.0371211484005,NA,NA,NA,286.123032904149,NA,NA,27.3833810260553,NA,35667,NA,NA,NA,34950,NA,NA,73037
"70","CVVNTGNQFYF","TGTGTGGTGAACACCGGTAACCAGTTCTATTTT","TRAV12-1","TRAJ49","3, 38, 0, 5, ","0035",FALSE,2,"alpha",NA,28.0371211484005,NA,NA,NA,257.510729613734,NA,NA,95.8418335911935,NA,35667,NA,NA,NA,34950,NA,NA,73037
"71","CAALGGTASKLTF","TGTGCAGCCCTGGGAGGCACTGCCAGTAAACTCACCTTT","TRAV13-1","TRAJ44","6, 33, 5, 8, CCTGGGA","0035",FALSE,2,"alpha",NA,0,NA,NA,NA,629.470672389127,NA,NA,82.1501430781659,NA,35667,NA,NA,NA,34950,NA,NA,73037
"72","CAAPPRFQGAQKLVF","TGTGCCGCCCCACCAAGATTTCAGGGAGCCCAGAAGCTGGTATTT","TRAV39","TRAJ54","31, 43, 6, 3, CCCCACCAAGAT","0035",FALSE,2,"alpha",NA,0,NA,NA,NA,743.919885550787,NA,NA,68.4584525651382,NA,35667,NA,NA,NA,34950,NA,NA,73037
"73","CAARGLISSGSARQLTF","TGTGCAGCCAGGGGTTTAATTTCTTCTGGTTCTGCAAGGCAACTGACCTTT","TRAV29/DV5","TRAJ22","23, 11, 5, 0, CAGGGGTTTAA","0035",FALSE,2,"alpha",NA,0,NA,NA,NA,286.123032904149,NA,NA,95.8418335911935,NA,35667,NA,NA,NA,34950,NA,NA,73037
"74","CAASKSPGKLIF","TGTGCAGCAAGCAAGTCGCCAGGAAAGCTTATCTTC","TRAV29/DV5","TRAJ23","23, 12, 1, 16, AAGTCGCC","0035",FALSE,2,"alpha",NA,0,NA,NA,NA,371.959942775393,NA,NA,41.0750715390829,NA,35667,NA,NA,NA,34950,NA,NA,73037
"75","CAGGSGGYNKLIF","TGTGCTGGGGGTTCTGGTGGCTACAATAAGCTGATTTTT","TRAV1-2","TRAJ4","1, 28, 7, 4, GGGG","0035",FALSE,2,"alpha",NA,0,NA,NA,NA,1716.73819742489,NA,NA,246.450429234498,NA,35667,NA,NA,NA,34950,NA,NA,73037
"76","CALSGAGSGYNKLIF","TGTGCTCTGAGCGGCGCTGGGAGTGGCTACAATAAGCTGATTTTT","TRAV9-2","TRAJ4","43, 28, 3, 9, CGGCGCTGGGA","0035",FALSE,2,"alpha",NA,0,NA,NA,NA,257.510729613734,NA,NA,54.7667620521106,NA,35667,NA,NA,NA,34950,NA,NA,73037
"77","CAVGSSGSARQLTF","TGTGCTGTGGGGTCTTCTGGTTCTGCAAGGCAACTGACCTTT","TRAV8-6","TRAJ22","41, 11, 5, 2, GGG","0035",FALSE,2,"alpha",NA,0,NA,NA,NA,314.735336194564,NA,NA,41.0750715390829,NA,35667,NA,NA,NA,34950,NA,NA,73037
"78","CAVGSTSGTYKYIF","TGTGCCGTGGGCTCTACCTCAGGAACCTACAAATACATCTTT","TRAV39","TRAJ40","31, 29, 3, 1, GCT","0035",FALSE,2,"alpha",NA,0,NA,NA,NA,972.818311874106,NA,NA,123.225214617249,NA,35667,NA,NA,NA,34950,NA,NA,73037
"79","CAVPNFGNEKLTF","TGTGCTGTGCCCAACTTTGGAAATGAGAAATTAACCTTT","TRAV8-2","TRAJ48","39, 37, 10, 5, CTGTGCCC","0035",FALSE,2,"alpha",NA,0,NA,NA,NA,486.409155937053,NA,NA,54.7667620521106,NA,35667,NA,NA,NA,34950,NA,NA,73037
"80","CAVPRQNRDDKIIF","TGTGCTGTTCCCCGCCAGAACAGAGATGACAAGATCATCTTT","TRAV21","TRAJ30","15, 19, 4, 1, TCCCCGCCA","0035",FALSE,2,"alpha",NA,0,NA,NA,NA,3347.63948497854,NA,NA,246.450429234498,NA,35667,NA,NA,NA,34950,NA,NA,73037
"81","CIVRVRGGTSYGKLTF","TGCATCGTCAGAGTGAGAGGTGGTACTAGCTATGGAAAGCTGACATTT","TRAV26-1","TRAJ52","20, 41, 2, 8, GAGA","0035",FALSE,2,"alpha",NA,0,NA,NA,NA,972.818311874106,NA,NA,109.533524104221,NA,35667,NA,NA,NA,34950,NA,NA,73037
"82","CQPLGQNFVF","TGTCAACCCTTGGGTCAGAATTTTGTCTTT","TRAV3","TRAJ26","24, 14, 13, 11, CAACCCTTG","0035",FALSE,2,"alpha",NA,0,NA,NA,NA,314.735336194564,NA,NA,54.7667620521106,NA,35667,NA,NA,NA,34950,NA,NA,73037
"83","CVVSDKAGNNRKLIW","TGTGTTGTGAGTGATAAAGCTGGCAACAACCGTAAGCTGATTTGG","TRAV8-2","TRAJ38","39, 26, 0, 4, TAAA","0035",FALSE,2,"alpha",NA,0,NA,NA,NA,257.510729613734,NA,NA,13.6916905130276,NA,35667,NA,NA,NA,34950,NA,NA,73037
"84","CVVSDQTGANNLFF","TGTGTTGTGAGTGATCAAACTGGGGCAAACAACCTCTTCTTT","TRAV8-2","TRAJ36","39, 24, 0, 0, ","0035",FALSE,2,"alpha",NA,0,NA,NA,NA,343.347639484979,NA,NA,27.3833810260553,NA,35667,NA,NA,NA,34950,NA,NA,73037
"85","CVVTARSGYNKLIF","TGTGTGGTGACGGCCCGGAGTGGCTACAATAAGCTGATTTTT","TRAV12-1","TRAJ4","3, 28, 3, 9, CGGCCCGGA","0035",FALSE,2,"alpha",NA,0,NA,NA,NA,371.959942775393,NA,NA,27.3833810260553,NA,35667,NA,NA,NA,34950,NA,NA,73037
"86","CAASRSNDMRF","TGTGCAGCAAGCAGGAGCAATGACATGCGCTTT","TRAV23/DV6","TRAJ43","17, 32, 0, 7, GGAG","0035",FALSE,2,"alpha",NA,0,NA,NA,NA,400.572246065808,NA,NA,0,NA,35667,NA,NA,NA,34950,NA,NA,73037
"87","CAGMNYGGSQGNLIF","TGTGCTGGGATGAATTATGGAGGAAGCCAAGGAAATCTCATCTTT","TRAV35","TRAJ42","27, 31, 3, 0, A","0035",FALSE,2,"alpha",NA,0,NA,NA,NA,257.510729613734,NA,NA,0,NA,35667,NA,NA,NA,34950,NA,NA,73037
"88","CVVSVRGATADMRF","TGTGTTGTGAGTGTACGGGGGGCCACGGCTGACATGCGCTTT","TRAV8-2","TRAJ43","39, 32, 1, 10, TACGGGGGGCCACGGC","0035",FALSE,2,"alpha",NA,0,NA,NA,NA,429.184549356223,NA,NA,0,NA,35667,NA,NA,NA,34950,NA,NA,73037
"89","CAANTDKLIF","TGTGCTGCCAACACCGACAAGCTCATCTTT","TRAV17","TRAJ34","10, 23, 7, 6, GCC","0036",FALSE,0,"alpha",NA,NA,NA,35.2456031110119,359.707609100602,NA,151.827625036375,145.915106590985,68.7200208908863,NA,NA,NA,85117,77841,NA,79037,68533,72759
"90","CAAPHGGSGAGSYQLTF","TGTGCAGCCCCTCACGGGGGCTCTGGGGCTGGGAGTTACCAACTCACTTTC","TRAV13-1","TRAJ28","6, 16, 5, 4, CCCTCACGGGGG","0036",FALSE,0,"alpha",NA,NA,NA,469.941374813492,346.860908775581,NA,164.47992712274,175.098127909182,54.9760167127091,NA,NA,NA,85117,77841,NA,79037,68533,72759
"91","CAATWGNDYKLSF","TGTGCTGCGACGTGGGGTAACGACTACAAGCTCAGCTTT","TRAV2","TRAJ20","13, 9, 7, 4, CGACGTGGGG","0036",FALSE,0,"alpha",NA,NA,NA,187.976549925397,578.101514625968,NA,480.787479281855,627.434958341237,219.904066850836,NA,NA,NA,85117,77841,NA,79037,68533,72759
"92","CADNNQGGKLIF","TGTGCAGATAACAACCAGGGAGGAAAGCTTATCTTC","TRAV13-1","TRAJ23","6, 12, 6, 8, ATAAC","0036",FALSE,0,"alpha",NA,NA,NA,23.4970687406746,372.554309425624,NA,164.47992712274,87.5490639545912,68.7200208908863,NA,NA,NA,85117,77841,NA,79037,68533,72759
"93","CAENSGGYSTLTF","TGTGCAGAGAATTCAGGAGGATACAGCACCCTCACCTTT","TRAV13-2","TRAJ11","7, 1, 1, 7, TCAGG","0036",FALSE,0,"alpha",NA,NA,NA,23.4970687406746,205.547205200344,NA,88.5661146045523,43.7745319772956,0,NA,NA,NA,85117,77841,NA,79037,68533,72759
"94","CAESIAWGKLIF","TGTGCAGAGAGTATCGCTTGGGGAAAGCTTATCTTC","TRAV5","TRAJ23","35, 12, 0, 17, TCGCTTGG","0036",FALSE,0,"alpha",NA,NA,NA,35.2456031110119,38.5401009750646,NA,113.870718777282,0,96.2080292472409,NA,NA,NA,85117,77841,NA,79037,68533,72759
"95","CAESTPDDKVIF","TGTGCAGAGAGTACCCCCGACGACAAGGTGATATTT","TRAV13-2","TRAJ50","7, 40, 3, 12, GTACCCCCG","0036",FALSE,0,"alpha",NA,NA,NA,82.2397405923611,2119.70555362855,NA,1113.40258360009,963.039703500503,659.712200552509,NA,NA,NA,85117,77841,NA,79037,68533,72759
"96","CAFGDGQKLLF","TGTGCCTTTGGAGATGGCCAGAAGCTGCTCTTT","TRAV24","TRAJ16","18, 6, 1, 7, GG","0036",FALSE,0,"alpha",NA,NA,NA,35.2456031110119,1438.83043640241,NA,733.833521009148,977.631214159602,288.624087741723,NA,NA,NA,85117,77841,NA,79037,68533,72759
"97","CAGDGGFGNVLHC","TGTGCAGGAGATGGAGGCTTTGGGAATGTGCTGCATTGC","TRAV27","TRAJ35","22, 54, 0, 3, ATGG","0036",FALSE,0,"alpha",NA,NA,NA,58.7426718516865,886.422322426485,NA,480.787479281855,583.660426363941,384.832116988964,NA,NA,NA,85117,77841,NA,79037,68533,72759
"98","CAGGNRRQLTF","TGTGCAGGAGGGAATAGGAGGCAACTGACCTTT","TRAV27","TRAJ22","22, 11, 0, 17, GGAATAGG","0036",FALSE,0,"alpha",NA,NA,NA,11.7485343703373,167.00710422528,NA,25.3046041727292,0,0,NA,NA,NA,85117,77841,NA,79037,68533,72759
"99","CAGQDSPGGAGSYQLTF","TGTGCTGGGCAGGATTCTCCTGGGGGGGCTGGGAGTTACCAACTCACTTTC","TRAV35","TRAJ28","27, 16, 0, 8, GATTCTCCTGGG","0036",FALSE,0,"alpha",NA,NA,NA,11.7485343703373,552.408113975925,NA,379.569062590938,350.196255818365,137.440041781773,NA,NA,NA,85117,77841,NA,79037,68533,72759
"100","CAHSGNTGKLIF","TGTGCCCACTCTGGCAACACAGGCAAACTAATCTTT","TRAV3","TRAJ37","24, 25, 11, 3, CCA","0036",FALSE,0,"alpha",NA,NA,NA,46.9941374813492,128.467003250215,NA,50.6092083454585,0,27.4880083563545,NA,NA,NA,85117,77841,NA,79037,68533,72759
